{"玩家":{"名字":"Tester","位置":"","国家":"","小队":"","颜色":""},"电脑":[],"设置":{"快速游戏":true,"工具箱":true,"拖动基地":true,"超级武器":true,"初始基地":true,"摧毁桥梁":true,"加速建造":true,"特殊工程师":false,"盟友基地旁边建造":true,"允许结盟":true},"选项配置":{"游戏速度":{"配置值":"1"},"初始金钱":{"标识":"","配置值":"30000","配置项":[5000,10000,30000,50000,100000,100000000]},"初始部队":{"标识":"","配置值":"0","配置项":[0,1,5,10,50,100]},"游戏版本":{"标识":"","配置值":"尤里的复仇","配置项":["原版","共和国之辉","尤里的复仇","ares"]}}}